Batch4/Carb_Nets_Examples_0_0_1,carb,36
Batch5/Cyberbullying_Community_4_0_0,victims,29
deafvideo_3/deaf_power_rob_3099,va,30
Batch9/Coffee_Chat_0_0_5,affairs,26
youtube_4/amy_cohen_elfron_5764,dc,38
Batch4/CAN_DEAF_DRIVE_THRU_2_0_2,did,11
aslized/ben_jarashow_1745,yll,9
Batch4/Carb_Nets_Examples_13_0_1,carb,28
Batch5/CRTC_2013-155_Jodi_5_0_5,rate,25
Batch6/ASL_Films_Fest_1_0_3,or,8
Batch6/For_Pearlene_Utley_8_0_5,paleo,25
youtube_5/storm_smith_6274,mbuk,9
deafvideo_3/joy_life_3245,geobio,37
Batch9/Coffee_Chat_1_0_1,so,12
deafvideo_1/daniel_lundberg_0971,drugs,22
Batch6/Approaches_to_Assessment_8_0_1,holistic,26
deafvideo_1/daniel_lundberg_0961,biochemistry,56
youtube_4/amy_cohen_elfron_5774,supt,34
aslized/unknown_female_1_0306,jasll,44
Batch4/Disc_Golf_WeekendExperience_9_0_7,ok ok ok,28
Batch5/CRTC_2013-155_Jodi_6_0_1,own,24
misc_2/genie_gertz_2882,movement,26
Batch5/CRTC_2013-155_Jodi_4_0_2,vs,10
Batch6/For_Pearlene_Utley_9_0_3,cup,19
youtube_4/monica_gaina_5118,als,20
misc_2/genie_gertz_2877,ok,12
Batch6/1st_part-Intonation_in_3_0_11,sd,11
Batch6/Act_Now_to_Protect_Schools_6_0_6,twitter,39
Batch4/CAN_DEAF_DRIVE_THRU_3_0_0,th,18
misc_2/genie_gertz_2930,infomed,41
youtube_6/carrie_lou_garberoglio_6333,so,7
Batch4/CAN_DEAF_DRIVE_THRU_3_0_2,so,6
Batch4/Disc_Golf_WeekendExperience_9_0_8,puts,30
deafvideo_5/turnyourbrainon_7125,atheist,36
Batch6/AFA_Rally_2011_2_0_4,asl,31
misc_2/genie_gertz_2925,bikehoks,28
Batch5/CRTC_2013-155_Jodi_8_0_1,it,5
Batch6/2nd_part-Simultaneous_communication_impacts_0_0_3,all,13
Batch6/AFA_Rally_2011_9_0_4,brick,24
Batch6/ASL_Films_Fest_0_0_5,youth,22
Batch6/Approaches_to_Assessment_2_0_2,journals,24
Batch5/Deaf_advocacy_and_2_0_2,lyme,21
youtube_6/unknown_female_2_6412,alvaro espinoza,97
Batch9/TEDxIslay-Wayne_Betts_Jr_15_0_4,effects,20
Batch6/Approaches_to_Assessment_11_0_3,product,19
deafvideo_5/deafvideotv_7290,sk,62
deafvideo_1/daniel_lundberg_0965,reactions,48
deafvideo_4/floridaaahh_5725,at,8
Batch5/David_Geeslin-Community_14_0_1,op,12
Batch6/For_Pearlene_Utley_1_0_6,beachbody,31
Batch6/ASL_for_Bacteria_9_0_1,safranin,49
Batch6/1st_part-Intonation_in_2_0_1,prosody,73
youtube_5/storm_smith_6278,or,7
Batch6/ASL_for_Bacteria_8_0_1,binary,14
youtube_5/david_o._reynolds_5817,ed,21
Batch4/Disc_Golf_WeekendExperience_11_0_3,disc,30
Batch9/Math_Fantasy_Gender_7_0_5,styles,22
Batch4/Carb_Nets_Examples_8_0_5,tbsp,12
deafvideo_3/kazio63_3502,dvtv,12
Batch4/CAN_DEAF_DRIVE_THRU_6_0_0,up,12
Batch9/Harry_Potter_Tag_7_0_3,hp,13
Batch5/David_Geeslin-Community_14_0_0,op,9
youtube_5/david_o._reynolds_5797,ed,12
Batch6/For_Pearlene_Utley_10_0_6,coconut,38
Batch4/Disc_Golf_WeekendExperience_4_0_6,park,21
Batch6/AFA_Mission_LSL_Rally_2_0_3,co,20
Batch7/Sepsis_10_0_6,sepsis,29
Batch9/Fingerspelling-ASL_Ponderings_1_0_4,even if,58
Batch7/Sepsis_2_0_1,toxin,62
Batch4/Carb_Nets_Examples_2_0_5,dietary fiber,88
deafvideo_5/turnyourbrainon_7131,wow,33
Batch6/AFA_Rally_2011_4_0_2,th th july,39
Batch4/Carb_Nets_Examples_5_0_2,coconut oil,49
Batch6/1st_part-Intonation_in_9_0_0,asl,10
Batch6/ASL_for_Bacteria_6_0_3,binary fission,85
youtube_5/david_o._reynolds_5806,of,5
deafvideo_4/deafvideotv_5013,ehicity,30
Batch4/Carb_Nets_Examples_18_0_1,rice,13
Batch9/Coffee_Chat_1_0_0,asl,13
Batch4/Carb_Nets_Examples_10_0_3,oz of,19
Batch4/Carb_Nets_Examples_1_0_0,grams,43
deafvideo_3/kazio63_3505,dv,7
Batch6/Approaches_to_Assessment_3_0_3,unit,18
Batch6/1st_part-Intonation_in_0_0_1,ba,14
Batch9/Coffee_Chat_4_0_4,be,4
Batch4/CAN_DEAF_DRIVE_THRU_0_0_4,or,12
Batch5/DC_Earthquake_4_0_4,e coast,23
Batch6/AFA_Mission_LSL_Rally_0_0_6,audism,68
Batch5/CRTC_2013-155_Jodi_6_0_3,vrs,19
Batch9/TEDxIslay-Wayne_Betts_Jr_2_0_2,trucks,15
youtube_6/unknown_female_2_6402,dr,15
Batch5/David_Geeslin-Community_11_0_4,are,6
Batch7/Sepsis_1_0_1,prokaryotic,79
Batch5/Deaf_Awareness_Month-William_2_0_2,collections,63
aslized/tim_riker_0325,calp,41
youtube_5/carrie_lou_garberoglio_6328,bt,21
Batch5/CRTC_2013-155_Jodi_8_0_3,it,12
deafvideo_5/dirtyoldman55_6378,inbox,52
aslized/unknown_male_1_1739,jasl,21
youtube_2/nick_martin_3432,daniel davidson,84
deafvideo_3/joy_life_3242,roo,28
Batch6/ASL_Morning_Message_8_0_0,coming out day,67
youtube_6/carrie_lou_garberoglio_6335,literacys to,44
misc_2/genie_gertz_2907,avvt auyditory vebal,112
deafvideo_4/floridaaahh_5722,nice,19
deafvideo_3/wnoakley_4628,lte,50
Batch4/CAN_DEAF_DRIVE_THRU_3_0_6,application,78
Batch5/DC_Earthquake_2_0_1,off,15
youtube_1/jason_hurdich_3151,bced,31
Batch5/DC_Earthquake_5_0_0,e coast,31
Batch6/For_Pearlene_Utley_10_0_1,sit,15
Batch5/CRTC_2013-155_Jodi_5_0_0,tty,27
Batch7/Sepsis_7_0_5,sepsis,28
Batch5/Deaf_Awareness_Month-William_0_0_2,mara,15
Batch6/For_Pearlene_Utley_0_0_1,obesity,44
Batch9/TEDxIslay-Wayne_Betts_Jr_6_0_3,language,29
Batch5/CRTC_2013-155_Jodi_0_0_3,vs,54
youtube_4/monica_gaina_5113,may,21
Batch5/Deaf_advocacy_and_6_0_9,agency,26
youtube_1/jason_hurdich_3152,cale,19
Batch6/Act_Now_to_Protect_Schools_5_0_2,link,30
youtube_5/carrie_lou_garberoglio_6324,asl,17
youtube_5/alicia_lane-outlaw_5826,nad,18
Batch4/Carb_Nets_Examples_22_0_9,fat,12
Batch7/Sepsis_7_0_0,sepsis,47
Batch4/Disc_Golf_WeekendExperience_5_0_4,wow,72
youtube_1/michael_hubbs_3133,us,11
Batch9/TEDxIslay-Wayne_Betts_Jr_1_0_0, all,14
Batch9/TEDxIslay-Wayne_Betts_Jr_4_0_1,chain,22
Batch6/For_Pearlene_Utley_4_0_7,sodium,25
Batch6/For_Pearlene_Utley_8_0_4,gluten,20
Batch6/Act_Now_to_Protect_Schools_7_0_0,day,7
Batch6/ASL_Morning_Message_7_0_0,alcolm,41
Batch9/Math_Fantasy_Gender_7_0_6,of,4
Batch4/Carb_Nets_Examples_28_0_0,vcab,13
Batch5/Deaf_advocacy_and_8_0_2,june,14
Batch4/Carb_Nets_Examples_6_0_4,carb,21
Batch4/Can_Numbers_Be_Lexicalized_1_0_5,bush,32
Batch7/Sepsis_3_0_0,sepsis,38
youtube_1/michael_hubbs_3127,so,11
Batch6/ASL_for_Bacteria_4_0_7,counter,20
deafvideo_3/wnoakley_4643,wifi,37
Batch6/ASL_for_Bacteria_5_0_0,rx,11
Batch6/Act_Now_to_Protect_Schools_5_0_5,local,36
deafvideo_3/deaf_power_rob_3090,cleveland,70
deafvideo_4/lukass_5231,of,7
youtube_5/keith_nolan_5993,iowa,25
Batch4/Carb_Nets_Examples_23_0_5,fat,12
Batch5/Cyberbullying_Community_2_0_2,so,10
Batch6/AFA_Rally_2011_7_0_2,dbc,23
Batch7/Sepsis_5_0_1,uti,32
Batch5/DC_Earthquake_3_0_5,so,4
Batch9/Coffee_Chat_0_0_7,so,6
Batch5/DC_Earthquake_6_0_0,panic,28
Batch6/For_Pearlene_Utley_9_0_23,corn,23
Batch5/DC_Earthquake_0_0_1,va,14
Batch4/Disc_Golf_WeekendExperience_3_0_5,fla,17
Batch9/TEDxIslay-Wayne_Betts_Jr_3_0_0,glen,18
Batch6/Approaches_to_Assessment_5_0_4,gre,25
Batch4/Carb_Nets_Examples_28_0_3,resee,25
Batch6/AFA_Mission_LSL_Rally_6_0_5,oralism,41
Batch5/Cyberbullying_Community_3_0_4,even,15
Batch5/CRTC_2013-155_Jodi_7_0_3,if,18
Batch5/DC_Earthquake_6_0_7,alaska,21
deafvideo_4/floridaaahh_6062,ta,32
Batch6/ASL_for_Bacteria_5_0_1,rx,6
youtube_5/keith_nolan_6008,md,12
deafvideo_5/dirtyoldman55_6381,how,12
Batch6/For_Pearlene_Utley_8_0_0,lime juice,80
Batch6/ASL_for_Bacteria_8_0_0,lag,9
Batch9/Star_Wars_Day-VEDIM_7_0_9,cgi,16
Batch9/TEDxIslay-Wayne_Betts_Jr_10_0_0,rit,36
Batch5/Cyberbullying_Community_2_0_3,so,21
youtube_2/nick_martin_3413,woster,38
youtube_5/david_o._reynolds_5822,of nad,42
deafvideo_3/joan_3616,lop lhole,60
Batch5/Cyberbullying_Community_2_0_0,sto,20
youtube_5/carrie_lou_garberoglio_6301,literacy,36
Batch4/Carb_Nets_Examples_30_0_4,avacdo,46
youtube_5/david_o._reynolds_5811,historic,31
Batch5/Deaf_advocacy_and_0_0_0,convo,26
deafvideo_4/floridaaahh_5700,sermono sermon,99
deafvideo_5/deafvideotv_7092,webis,16
Batch6/AFA_Rally_2011_3_0_4,oralism,84
Batch6/AFA_Rally_2011_7_0_4,act,14
Batch5/David_Geeslin-Community_9_0_1,it,7
aslized/raychelle_harris_1755,draft,24
Batch6/Approaches_to_Assessment_1_0_0,model,20
Batch4/Carb_Nets_Examples_22_0_2,fat,9
Batch9/Fingerspelling-ASL_Ponderings_5_0_2,nver,37
Batch5/Deaf_advocacy_and_4_0_8,icu,29
Batch6/1st_part-Intonation_in_3_0_12,arey,25
Batch5/Deaf_advocacy_and_4_0_1,shock,30
Batch9/Etymology-ASL_Ponderings_3_0_5,or goblin,28
Batch5/CRTC_2013-155_Jodi_5_0_2,if,22
Batch9/Harry_Potter_Tag_3_0_12,perore,27
youtube_5/keith_nolan_5991,bills,16
deafvideo_5/redneckmoose85_6905,ok,18
aslized/tim_riker_0332,or,11
Batch6/AFA_Rally_2011_0_0_0,ag bell,41
Batch6/2nd_part-Simultaneous_communication_impacts_3_0_4,of,5
Batch9/Fingerspelling-ASL_Ponderings_1_0_7,do,7
Batch5/Cyberbullying_Community_5_0_0,minority,23
youtube_5/carrie_lou_garberoglio_6322,data set,23
deafvideo_3/kazio63_3507,co,7
Batch5/Cyberbullying_Community_7_0_2,it,7
youtube_5/alicia_lane-outlaw_5830,covey axelord,55
Batch4/Disc_Golf_WeekendExperience_11_0_0,pale,25
youtube_5/keith_nolan_6007,delaney,42
Batch5/Deaf_advocacy_and_9_0_2,be,5
deafvideo_3/kazio63_3506,lou,10
deafvideo_5/kathyfans_6366,tyler,16
Batch9/Politics_Sci-fi_and_Action_2_0_4,f,5
Batch6/ASL_Morning_Message_6_0_3,of love,26
youtube_4/monica_gaina_5125,lava,33
deafvideo_3/kazio63_3510,fb,12
Batch9/Fingerspelling-ASL_Ponderings_0_0_6,asl,18
Batch5/CRTC_2013-155_Jodi_8_0_5,it,9
deafvideo_2/tar2006_1470,david rey reynolds,83
Batch5/CRTC_2013-155_Jodi_8_0_10,yes yes vrs,98
Batch5/David_Geeslin-Community_8_0_2,do,54
Batch5/David_Geeslin-Community_0_0_4,did,24
Batch6/Act_Now_to_Protect_Schools_5_0_1,asl,14
Batch5/DC_Earthquake_0_0_0,dc,21
deafvideo_4/lukass_5232,free book,31
Batch4/Carb_Nets_Examples_15_0_1,fat,5
deafvideo_5/shebaby_7084,stars,23
Batch6/Approaches_to_Assessment_10_0_4,formative,34
deafvideo_3/kathyfans_3457,pc,22
Batch5/David_Geeslin-Community_5_0_5,exhica,24
Batch7/Sepsis_0_0_3,bacteria,43
Batch4/Carb_Nets_Examples_30_0_13,diet doctor,52
youtube_5/carrie_lou_garberoglio_6309,liteacy,33
Batch9/Coffee_Chat_0_0_3,of,8
Batch6/Approaches_to_Assessment_6_0_0,criterion,17
Batch6/AFA_Rally_2011_4_0_6,zoo,28
Batch6/AFA_Mission_LSL_Rally_6_0_8,ab,15
Batch4/Carb_Nets_Examples_30_0_8,repair,23
Batch4/Carb_Nets_Examples_9_0_3,fiber,38
Batch5/David_Geeslin-Community_4_0_1,pers,18
deafvideo_2/tar2006_1451,nad,13
Batch6/1st_part-Intonation_in_7_0_2,morly,19
deafvideo_4/lukass_5228,dvtv,25
Batch5/DC_Earthquake_7_0_5,edge,12
misc_2/genie_gertz_2923,smovement,50
deafvideo_1/daniel_lundberg_0964,biochemistry,78
deafvideo_3/joan_3614,all,20
Batch7/An_Interview_with_Mike_Hoza_2_0_3,female,37
Batch6/ASL_for_Bacteria_1_0_0,glycan,27
deafvideo_2/jamerica_1685,isaiah,57
Batch9/TEDxIslay-Wayne_Betts_Jr_8_0_5,cun,9
Batch5/CRTC_2013-155_Jodi_4_0_7,vs,18
youtube_5/carrie_lou_garberoglio_6306,maps,22
deafvideo_5/deafvideotv_7288,or,9
Batch5/Cyberbullying_Community_1_0_4,victims,37
Batch4/Carb_Nets_Examples_8_0_2,fat,20
Batch6/ASL_Films_Fest_2_0_4,afy website,58
deafvideo_3/joan_3631,lophole,41
Batch5/DC_Earthquake_1_0_2,at,6
Batch6/AFA_Rally_2011_5_0_1,act,18
Batch6/For_Pearlene_Utley_9_0_32,ok ok,19
aslized/unknown_female_1_0305,asl,38
Batch5/CRTC_2013-155_Jodi_0_0_4,if,16
deafvideo_5/deafvideotv_7266,eil,34
Batch6/AFA_Rally_2011_3_0_0,asl,30
Batch6/AFA_Rally_2011_8_0_4,or,7
youtube_5/keith_nolan_5997,mark takano,79
Batch4/Carb_Nets_Examples_0_0_4,ok,13
youtube_1/michael_hubbs_3122,tsx,22
youtube_5/keith_nolan_5998,bills,12
deafvideo_3/kazio63_3504,dv,6
youtube_5/alicia_lane-outlaw_5832,us,17
aslized/raychelle_harris_1758,aslized,30
aslized/raychelle_harris_7004,asl companion volme,75
deafvideo_3/deaf_power_rob_3097,fed x j,48
Batch5/Deaf_Awareness_Month-William_4_0_1,of,7
Batch5/DC_Earthquake_5_0_2,so,26
Batch9/TEDxIslay-Wayne_Betts_Jr_3_0_3,sck,14
deafvideo_4/floridaaahh_5720,at,20
Batch6/For_Pearlene_Utley_4_0_4,spie,16
Batch6/AFA_Rally_2011_5_0_0,think tank,59
Batch9/Harry_Potter_Tag_7_0_7,studios,14
Batch9/Math_Fantasy_Gender_6_0_2,so,8
deafvideo_5/deafvideotv_7283,if,9
Batch6/For_Pearlene_Utley_9_0_27,brand so,41
Batch6/2nd_part-Simultaneous_communication_impacts_0_0_2,asl,14
Batch5/Deaf_advocacy_and_2_0_1,june,36
Batch4/Disc_Golf_WeekendExperience_5_0_6,wow,23
Batch4/Carb_Nets_Examples_15_0_5,celery,35
Batch6/Approaches_to_Assessment_9_0_3,abcd,32
Batch4/Can_Numbers_Be_Lexicalized_1_0_1,lexicalized,71
deafvideo_3/deaf_power_rob_3093,ravens,41
youtube_5/carrie_lou_garberoglio_6319,us,15
Batch9/Harry_Potter_Tag_6_0_1,hogwarts,33
Batch4/Carb_Nets_Examples_31_0_1,carb,9
youtube_2/nick_martin_3436,epa,28
Batch6/AFA_Rally_2011_1_0_5,afa,13
Batch5/David_Geeslin-Community_8_0_0,ok,27
Batch6/ASL_for_Bacteria_0_0_9,brick,25
deafvideo_5/deafvideotv_7093,dvtv,20
Batch9/TEDxIslay-Wayne_Betts_Jr_4_0_0,et,8
Batch6/ASL_Morning_Message_2_0_7,guest,13
Batch5/CRTC_2013-155_Jodi_8_0_6,if,10
Batch9/TEDxIslay-Wayne_Betts_Jr_13_0_2,even,11
deafvideo_5/redneckmoose85_6900,just,20
Batch9/Fingerspelling-ASL_Ponderings_1_0_6,lexicalized,44
Batch6/AFA_Rally_2011_4_0_1,afa rally,44
youtube_4/amy_cohen_elfron_5768,mch,15
deafvideo_5/turnyourbrainon_7123,hindu,34
aslized/raychelle_harris_7000,txt,12
Batch9/Politics_Sci-fi_and_Action_2_0_2,f,4
aslized/raychelle_harris_7014,us,12
Batch5/Cyberbullying_Community_6_0_6,victims,31
deafvideo_5/kathyfans_6363,dif,9
Batch6/AFA_Rally_2011_1_0_3,only sm,64
deafvideo_5/deafvideotv_7278,retis,23
Batch6/Approaches_to_Assessment_11_0_0,formative,28
Batch4/Carb_Nets_Examples_23_0_8,oat,13
Batch6/ASL_for_Bacteria_5_0_5,bacteria,18
Batch6/AFA_Rally_2011_9_0_0,blog,13
Batch6/ASL_for_Bacteria_1_0_3,brick,35
Batch6/ASL_for_Bacteria_7_0_0,binary fission,43
Batch4/Carb_Nets_Examples_0_0_6,carb,29
Batch4/CAN_DEAF_DRIVE_THRU_2_0_3,cashier,47
Batch4/Can_Numbers_Be_Lexicalized_0_0_10,asl,16
Batch6/Act_Now_to_Protect_Schools_6_0_13,march,51
Batch6/1st_part-Intonation_in_3_0_8,pitch,32
Batch5/David_Geeslin-Community_12_0_4,do,10
Batch4/Carb_Nets_Examples_5_0_4,tbsp,17
Batch7/Sepsis_1_0_5,metabolism,58
Batch5/Deaf_advocacy_and_3_0_3,even,10
Batch6/1st_part-Intonation_in_4_0_2,asl,13
Batch4/Disc_Golf_WeekendExperience_0_0_1,ddga,45
Batch6/ASL_Morning_Message_7_0_3,ncod,34
misc_2/genie_gertz_2933,whals,20
deafvideo_2/jamerica_1691,circle,41
Batch6/Approaches_to_Assessment_10_0_3,process,30
Batch6/Approaches_to_Assessment_10_0_0,abcdef,44
Batch5/CRTC_2013-155_Jodi_8_0_2,vrs,18
Batch6/ASL_Films_Fest_0_0_7,personification,61
Batch7/Sepsis_0_0_5,bean,27
Batch9/Fingerspelling-ASL_Ponderings_5_0_6,or,10
Batch6/ASL_Films_Fest_2_0_8,own,13
Batch9/Harry_Potter_Tag_7_0_8,parks,9
Batch4/Carb_Nets_Examples_32_0_5,carb,10
Batch6/For_Pearlene_Utley_7_0_9,juice,27
youtube_1/michael_hubbs_3124,dc,12
Batch6/Approaches_to_Assessment_7_0_5,holistic,32
Batch7/Sepsis_4_0_0,sepsis,38
youtube_4/amy_cohen_elfron_5777,protest,59
Batch4/Carb_Nets_Examples_18_0_4,fred rice,25
Batch4/Can_Numbers_Be_Lexicalized_0_0_6,press,49
Batch4/Disc_Golf_WeekendExperience_4_0_7,doubles,38
Batch9/Math_Fantasy_Gender_7_0_0,would,9
deafvideo_4/floridaaahh_5710,beac,15
Batch6/ASL_for_Bacteria_2_0_0,step,18
deafvideo_5/deafvideotv_7252,wlf,20
Batch7/An_Interview_with_Mike_Hoza_0_0_4,tvtv,14
Batch5/DC_Earthquake_5_0_3,va,20
youtube_5/keith_nolan_5992,tom haukn,62
Batch4/Carb_Nets_Examples_30_0_1,galof,21
deafvideo_2/tar2006_1460,david,28
Batch6/AFA_Rally_2011_10_0_1,do,8
deafvideo_3/wnoakley_4649,care,13
misc_2/genie_gertz_2918,ok,16
Batch4/Carb_Nets_Examples_3_0_4,fiber,27
deafvideo_4/lukass_5224,dvtv,16
aslized/ben_jarashow_7225,own,15
Batch6/AFA_Rally_2011_11_0_0,irly,10
Batch9/Math_Fantasy_Gender_3_0_3,wicked,25
deafvideo_3/kathyfans_3452,bank,13
aslized/tim_riker_0336,asl,18
youtube_1/joel_garcia_2852,pepsi,32
deafvideo_4/floridaaahh_6072,ok,13
Batch6/AFA_Rally_2011_0_0_2,ag bell,27
Batch6/ASL_Morning_Message_0_0_0,oct,8
Batch6/AFA_Mission_LSL_Rally_5_0_2,facts,33
Batch6/For_Pearlene_Utley_8_0_3,poroment,36
Batch9/TEDxIslay-Wayne_Betts_Jr_16_0_1,flow,30
Batch4/Disc_Golf_WeekendExperience_0_0_4,at alexander park,85
deafvideo_4/floridaaahh_6063,it,18
Batch6/AFA_Rally_2011_0_0_4,ag bell,38
Batch4/Carb_Nets_Examples_5_0_5,carb,23
Batch7/Sepsis_9_0_7,phd,27
Batch5/DC_Earthquake_12_0_2,then,14
Batch9/TEDxIslay-Wayne_Betts_Jr_8_0_0,cu,30
Batch7/Sepsis_2_0_5,sepsis,58
Batch9/Fingerspelling-ASL_Ponderings_1_0_0,but,44
deafvideo_3/joan_3621,pay,14
Batch9/Fingerspelling-ASL_Ponderings_5_0_1,be so,18
Batch6/For_Pearlene_Utley_6_0_0,costco,26
Batch6/AFA_Rally_2011_3_0_1,al,10
Batch6/AFA_Mission_LSL_Rally_6_0_6,hei,22
Batch5/DC_Earthquake_8_0_0,so,11
Batch6/For_Pearlene_Utley_3_0_4,sherry,33
Batch5/David_Geeslin-Community_5_0_9,of,6
Batch5/David_Geeslin-Community_8_0_4,do,4
Batch6/For_Pearlene_Utley_6_0_9,crunchy,24
Batch6/ASL_Morning_Message_4_0_3,pottery,32
Batch4/Disc_Golf_WeekendExperience_0_0_0,ddgv,20
Batch9/Harry_Potter_Tag_3_0_1,be,5
Batch6/For_Pearlene_Utley_7_0_3,ok,12
youtube_1/guthrie_nutter_3220,fish,24
aslized/raychelle_harris_7003,co editors,35
Batch4/Carb_Nets_Examples_8_0_1,carb,23
Batch9/Fingerspelling-ASL_Ponderings_0_0_1,of,8
Batch4/Can_Numbers_Be_Lexicalized_0_0_5,linguistics of asl,117
deafvideo_2/jamerica_1693,psalm,73
deafvideo_2/jamerica_1700,as,23
Batch6/2nd_part-Simultaneous_communication_impacts_3_0_1,asl,23
youtube_2/nick_martin_3414,washoe,39
Batch9/Math_Fantasy_Gender_2_0_0,pelicars,35
Batch4/CAN_DEAF_DRIVE_THRU_0_0_6,asl,19
Batch4/Carb_Nets_Examples_2_0_1,carb,59
deafvideo_5/shebaby_7083,sta,11
Batch9/Fingerspelling-ASL_Ponderings_0_0_7,do,12
Batch6/AFA_Rally_2011_6_0_2,nad,31
Batch6/For_Pearlene_Utley_8_0_1,tables,57
Batch9/Star_Wars_Day-VEDIM_7_0_5,extra,24
youtube_6/unknown_female_2_6399,misn,28
deafvideo_4/deafvideotv_5014,nationlity,37
Batch7/Sepsis_2_0_4,cell,23
deafvideo_3/kathyfans_3456,debt,10
Batch7/Sepsis_9_0_3,t,14
deafvideo_5/redneckmoose85_6897,so,16
Batch7/An_Interview_with_Mike_Hoza_1_0_3,humming,34
Batch4/Disc_Golf_WeekendExperience_6_0_1,coupon,45
Batch5/Cyberbullying_Community_2_0_13,cel,15
deafvideo_3/wnoakley_4634,dvtv,24
aslized/raychelle_harris_6999,resuce,20
youtube_2/jessi_rogers_3450,ci,27
deafvideo_4/floridaaahh_5714,at bth beach,44
deafvideo_4/floridaaahh_5709,vice,14
deafvideo_2/jamerica_1699,it,11
Batch7/An_Interview_with_Mike_Hoza_0_0_3,humming bird,134
Batch6/1st_part-Intonation_in_10_0_0,ink,15
Batch5/David_Geeslin-Community_13_0_4,it,7
Batch4/Carb_Nets_Examples_30_0_10,carb,16
Batch6/For_Pearlene_Utley_1_0_4,active,20
Batch6/1st_part-Intonation_in_0_0_6,asl,16
Batch4/Carb_Nets_Examples_0_0_7,ok,23
youtube_5/david_o._reynolds_5823,ndec,43
Batch4/Disc_Golf_WeekendExperience_10_0_6,mike,30
Batch6/For_Pearlene_Utley_8_0_2,days,22
deafvideo_2/tar2006_1463,may,16
Batch6/For_Pearlene_Utley_2_0_3,akalitize,56
Batch4/Carb_Nets_Examples_0_0_8,grams,59
Batch4/Disc_Golf_WeekendExperience_11_0_4,coupon,44
Batch4/Carb_Nets_Examples_5_0_0,or,14
Batch6/For_Pearlene_Utley_5_0_6,free,11
Batch6/2nd_part-Simultaneous_communication_impacts_3_0_3,all simcom,41
Batch4/Carb_Nets_Examples_28_0_6,willpower,28
Batch4/Can_Numbers_Be_Lexicalized_0_0_2,lexicalized,45
youtube_5/keith_nolan_5999,duty,32
Batch4/Disc_Golf_WeekendExperience_7_0_0,ok,7
Batch6/ASL_Morning_Message_0_0_4,oct,8
Batch6/For_Pearlene_Utley_11_0_7,costco,25
Batch9/Harry_Potter_Tag_3_0_7,if,5
aslized/unknown_male_1_1731,lit,36
Batch5/David_Geeslin-Community_11_0_0,op,8
Batch4/Carb_Nets_Examples_11_0_0,carb,10
misc_2/genie_gertz_2872,patrick,34
deafvideo_3/wnoakley_4636,gole,30
deafvideo_3/wnoakley_4658,taylor,25
Batch4/Disc_Golf_WeekendExperience_12_0_0,n,34
Batch9/TEDxIslay-Wayne_Betts_Jr_5_0_0,ras,7
youtube_5/carrie_lou_garberoglio_6308,or,7
Batch6/AFA_Rally_2011_3_0_5,agb,15
youtube_2/nick_martin_3429,bureau,47
Batch6/For_Pearlene_Utley_12_0_5,shakeology,37
youtube_2/nick_martin_3437,eipa,42
Batch9/Coffee_Chat_0_0_6,do,7
deafvideo_3/joan_3609,topic,48
youtube_1/michael_hubbs_3121,hs,9
Batch5/Deaf_advocacy_and_4_0_5,cdi,17
Batch5/Deaf_Awareness_Month-William_1_0_5,he,9
Batch6/For_Pearlene_Utley_10_0_2,ok ok,16
aslized/ben_jarashow_1759,jasll,34
youtube_2/nick_martin_3411,washoe,35
Batch6/1st_part-Intonation_in_3_0_7,elevated,54
Batch7/Sepsis_6_0_6,antibiotics,82
Batch6/ASL_for_Bacteria_3_0_6,gram neg in,49
Batch6/For_Pearlene_Utley_5_0_3,kale,16
deafvideo_5/deafvideotv_7280,lost paword,83
youtube_2/nick_martin_3430,oct,10
Batch6/ASL_Films_Fest_2_0_3,fb,18
deafvideo_3/wnoakley_4624,tylor,36
misc_2/genie_gertz_2880,valres,34
youtube_5/alicia_lane-outlaw_5828,ig,7
Batch4/Disc_Golf_WeekendExperience_2_0_2,at alexander park,72
Batch9/Etymology-ASL_Ponderings_3_0_1,folklore,30
Batch9/Math_Fantasy_Gender_12_0_4,anthology of,28
deafvideo_3/kathyfans_3469,ok,11
Batch4/Carb_Nets_Examples_23_0_10,mood,12
Batch5/DC_Earthquake_8_0_1,so,9
Batch6/2nd_part-Simultaneous_communication_impacts_0_0_5,vc,18
Batch4/Carb_Nets_Examples_27_0_1,juice,26
deafvideo_3/joy_life_3246,dogs,25
Batch4/Disc_Golf_WeekendExperience_7_0_2,card,12
youtube_5/carrie_lou_garberoglio_6330,bt,11
Batch9/Etymology-ASL_Ponderings_3_0_0,or goblin,26
Batch4/Carb_Nets_Examples_33_0_0,carb,6
Batch7/Sepsis_10_0_3,vet,19
Batch6/AFA_Rally_2011_6_0_0,rally,29
Batch4/Carb_Nets_Examples_0_0_2,nets,38
youtube_5/storm_smith_6276,asl,11
Batch4/Carb_Nets_Examples_17_0_1,fat,21
Batch5/David_Geeslin-Community_12_0_3,doble action,61
Batch9/Harry_Potter_Tag_6_0_10,it,5
deafvideo_3/wnoakley_4652,ttv,42
Batch5/Deaf_Awareness_Month-William_5_0_0,ksd,53
Batch5/David_Geeslin-Community_0_0_0,ind,19
youtube_5/storm_smith_6271,dfc,22
youtube_6/carrie_lou_garberoglio_6337,tools,14
Batch6/Approaches_to_Assessment_4_0_2,units,13
youtube_2/nick_martin_3425,asl,14
Batch6/ASL_for_Bacteria_1_0_8,dx,22
deafvideo_5/deafvideotv_7096,wow,23
youtube_5/david_o._reynolds_5807,ed,14
Batch4/Carb_Nets_Examples_4_0_7,or,5
deafvideo_3/joan_3628,refom,34
Batch6/1st_part-Intonation_in_10_0_2,simcom,28
Batch5/CRTC_2013-155_Jodi_8_0_9,out,15
Batch5/David_Geeslin-Community_10_0_3,what,11
aslized/unknown_male_1_1728,lsm,24
youtube_6/unknown_female_2_6404,berkeley,38
Batch7/Sepsis_10_0_5,er,12
Batch5/David_Geeslin-Community_5_0_8,are,5
Batch4/Carb_Nets_Examples_8_0_3,fat,6
Batch5/Cyberbullying_Community_7_0_0,so,10
Batch7/Sepsis_11_0_0,er,14
deafvideo_4/floridaaahh_5684,ok,20
aslized/unknown_male_1_1719,video,25
Batch5/DC_Earthquake_1_0_1,pm,18
Batch9/Harry_Potter_Tag_6_0_19,clak,19
Batch5/Deaf_advocacy_and_9_0_8,zip,15
Batch5/Deaf_advocacy_and_7_0_1,vps,20
Batch4/CAN_DEAF_DRIVE_THRU_5_0_0,treated,44
deafvideo_3/kathyfans_3459,at,7
Batch6/For_Pearlene_Utley_4_0_8,whole,19
Batch6/Act_Now_to_Protect_Schools_7_0_2,of nad,33
Batch4/Carb_Nets_Examples_27_0_5,blizard,41
deafvideo_4/deafvideotv_5007,of,5
Batch6/1st_part-Intonation_in_10_0_1,simcom,25
Batch6/Act_Now_to_Protect_Schools_6_0_11,updates,31
Batch9/Harry_Potter_Tag_6_0_12,bck,12
Batch7/Sepsis_10_0_0,vet,30
Batch4/Disc_Golf_WeekendExperience_10_0_4,stroke,25
youtube_5/keith_nolan_6024,bills,16
youtube_1/michael_hubbs_3130,ice,14
Batch5/CRTC_2013-155_Jodi_8_0_4,age,13
youtube_4/amy_cohen_elfron_5770,dr. elisabeth zinser,128
Batch5/DC_Earthquake_7_0_4,va,13
youtube_5/david_o._reynolds_5809,biliual,26
youtube_5/storm_smith_6280,premie,12
deafvideo_5/deafvideotv_7097,dvtvtv,30
deafvideo_5/kathyfans_6364,cool,21
deafvideo_5/shebaby_7075,star,18
Batch4/Disc_Golf_WeekendExperience_4_0_2,score,17
Batch6/ASL_for_Bacteria_1_0_9,rx,8
deafvideo_4/floridaaahh_5704,so,10
Batch4/Carb_Nets_Examples_28_0_5,willkor,27
Batch9/Math_Fantasy_Gender_3_0_0,bn,10
Batch6/Approaches_to_Assessment_1_0_4,quiz,27
Batch9/Star_Wars_Day-VEDIM_3_0_4,fairy,27
Batch5/Deaf_Awareness_Month-William_3_0_2,dc,14
Batch9/Star_Wars_Day-VEDIM_7_0_10,revenge of sith,49
Batch6/For_Pearlene_Utley_11_0_5,so,16
deafvideo_3/kathyfans_3480,bak,10
Batch9/Math_Fantasy_Gender_6_0_8,qoad,28
Batch4/Carb_Nets_Examples_23_0_6,carb,15
Batch9/TEDxIslay-Wayne_Betts_Jr_19_0_0,flow,22
youtube_5/david_o._reynolds_5803,f est,34
deafvideo_1/daniel_lundberg_1000,conquer,28
Batch6/ASL_Morning_Message_2_0_2,ally,14
Batch6/Approaches_to_Assessment_9_0_1,subjective,39
Batch4/Can_Numbers_Be_Lexicalized_0_0_4,lexicalized,38
Batch4/Carb_Nets_Examples_18_0_3,carb,16
Batch5/DC_Earthquake_11_0_4,so,7
Batch4/Carb_Nets_Examples_1_0_4,dietary fiber grams,184
misc_2/genie_gertz_2891,movement,33
Batch5/Cyberbullying_Community_2_0_8,victim,20
misc_2/genie_gertz_2888,ok,9
Batch4/Disc_Golf_WeekendExperience_1_0_3,wraith,59
Batch9/Math_Fantasy_Gender_7_0_8,spirits,26
Batch5/CRTC_2013-155_Jodi_5_0_4,ed,19
Batch9/TEDxIslay-Wayne_Betts_Jr_15_0_2,props,21
Batch4/Can_Numbers_Be_Lexicalized_1_0_2,no,49
youtube_6/unknown_female_2_6405,raphy domingo,69
Batch5/DC_Earthquake_8_0_5,liner,25
deafvideo_5/deafvideotv_7095,rg,16
Batch5/CRTC_2013-155_Jodi_0_0_0,jodi birley,92
deafvideo_4/deafvideotv_5004,riot,15
deafvideo_5/shebaby_7074,star,24
Batch9/TEDxIslay-Wayne_Betts_Jr_16_0_2,editing,23
Batch6/For_Pearlene_Utley_7_0_5,cucumbers,48
Batch5/David_Geeslin-Community_11_0_6,do,7
Batch4/Disc_Golf_WeekendExperience_2_0_6,zipline,46
Batch6/ASL_Morning_Message_8_0_3,lgbt,22
Batch6/For_Pearlene_Utley_4_0_6,vegit,29
Batch6/ASL_Morning_Message_0_0_2,oct,9
Batch6/For_Pearlene_Utley_5_0_4,sport,29
Batch6/Approaches_to_Assessment_10_0_1,process,41
Batch5/Deaf_Awareness_Month-William_1_0_7,he,9
misc_2/genie_gertz_2922,dbc,19
Batch5/Deaf_advocacy_and_3_0_2,shock,23
youtube_1/guthrie_nutter_3235,rosa lee timm,73
Batch6/AFA_Rally_2011_1_0_0,agbell,42
deafvideo_5/shebaby_7078,star,27
Batch7/Sepsis_0_0_0,sepsis,46
deafvideo_3/wnoakley_4641,wifi,29
Batch9/Politics_Sci-fi_and_Action_2_0_0,by,5
Batch6/ASL_for_Bacteria_0_0_7,glycan,15
Batch9/TEDxIslay-Wayne_Betts_Jr_2_0_1,redure,18
Batch5/Cyberbullying_Community_7_0_3,am,10
Batch5/DC_Earthquake_6_0_2,tectonic plate,84
Batch6/For_Pearlene_Utley_11_0_3,coconut soy,48
deafvideo_5/deafvideotv_7254,psrd,22
Batch6/Act_Now_to_Protect_Schools_7_0_3,behalf of,22
Batch6/ASL_for_Bacteria_1_0_5,bacteria,31
Batch4/Carb_Nets_Examples_30_0_7,fat,22
deafvideo_5/deafvideotv_7277,lik,20
Batch4/Carb_Nets_Examples_6_0_3,tbsp,41
Batch7/Sepsis_0_0_1,septmrica,98
Batch5/Deaf_advocacy_and_2_0_4,asl,14
Batch5/David_Geeslin-Community_5_0_4,do,4
Batch4/Disc_Golf_WeekendExperience_4_0_0,paul,19
Batch4/Disc_Golf_WeekendExperience_9_0_0,ace,30
Batch5/Deaf_advocacy_and_4_0_4,if vps,42
Batch6/AFA_Rally_2011_8_0_0,afa rally,33
youtube_5/keith_nolan_6020,lafayette park,87
Batch9/TEDxIslay-Wayne_Betts_Jr_14_0_3,dt,21
Batch5/David_Geeslin-Community_13_0_6,its,6
deafvideo_1/daniel_lundberg_0968,pharmacology,78
Batch9/Math_Fantasy_Gender_3_0_5,was,11
deafvideo_5/deafvideotv_7098,do,40
Batch4/Can_Numbers_Be_Lexicalized_2_0_0,lexicalized,33
Batch4/Disc_Golf_WeekendExperience_1_0_0,all,12
Batch5/David_Geeslin-Community_9_0_0,asl,21
Batch9/TEDxIslay-Wayne_Betts_Jr_13_0_3,scpt,20
aslized/raychelle_harris_7018,co sage publications,55
Batch6/For_Pearlene_Utley_6_0_3,processed,29
Batch9/Etymology-ASL_Ponderings_3_0_4,fit,9
Batch4/Can_Numbers_Be_Lexicalized_3_0_0,lexicalized,15
Batch9/Harry_Potter_Tag_6_0_4,transfiguration,63
deafvideo_3/deaf_power_rob_3092,jets,22
misc_2/genie_gertz_2889,it,4
Batch6/ASL_for_Bacteria_0_0_6,peptidoglycan,72
aslized/unknown_female_1_0315,jasll,51
youtube_5/david_o._reynolds_5812,ndec,36
Batch9/Harry_Potter_Tag_6_0_7,so,13
Batch5/CRTC_2013-155_Jodi_4_0_6,dits,31
Batch6/ASL_for_Bacteria_11_0_0,gram postive,31
Batch9/TEDxIslay-Wayne_Betts_Jr_3_0_7,acin,14
youtube_5/storm_smith_6267,storm th,41
deafvideo_4/floridaaahh_5717,super,28
Batch6/2nd_part-Simultaneous_communication_impacts_1_0_0,ok ok ok,19
youtube_1/guthrie_nutter_3224,us,14
aslized/unknown_female_1_0321,jasll journal of,62
Batch4/Can_Numbers_Be_Lexicalized_0_0_0,lynn jacobowitz,109
deafvideo_1/daniel_lundberg_0962,organic,46
Batch5/CRTC_2013-155_Jodi_8_0_7,is,7
youtube_2/jessi_rogers_3444,daniels,40
misc_2/genie_gertz_2910,all,40
Batch9/TEDxIslay-Wayne_Betts_Jr_20_0_0,al,6
Batch6/For_Pearlene_Utley_1_0_2,wt out,22
Batch6/ASL_Films_Fest_2_0_7,prizes gift,47
Batch7/Sepsis_6_0_2,cultures,44
Batch5/Deaf_advocacy_and_9_0_6,progress,55
Batch9/Harry_Potter_Tag_6_0_11,ya,9
Batch4/Carb_Nets_Examples_3_0_1,fiber ok,31
aslized/unknown_male_1_1737,jasll,46
Batch6/AFA_Mission_LSL_Rally_3_0_0,co,17
Batch9/Math_Fantasy_Gender_13_0_2,patron or,32
Batch4/Carb_Nets_Examples_4_0_1,it,16
youtube_2/jessi_rogers_3445,matlin,37
Batch4/Can_Numbers_Be_Lexicalized_1_0_8,lexied,51
Batch5/CRTC_2013-155_Jodi_3_0_0,tty,26
Batch6/For_Pearlene_Utley_1_0_5,malls,19
Batch6/For_Pearlene_Utley_7_0_1,salmon,26
deafvideo_2/tar2006_1469,david,35
deafvideo_5/dirtyoldman55_6375,yahooo,53
deafvideo_5/kathyfans_6365,ok,16
deafvideo_3/wnoakley_4632,wifi,30
deafvideo_5/turnyourbrainon_7128,ok,7
Batch5/David_Geeslin-Community_0_0_2,david geeslin swup,111
youtube_2/nick_martin_3428,of da,26
Batch4/Disc_Golf_WeekendExperience_1_0_4,ape,20
Batch9/TEDxIslay-Wayne_Betts_Jr_8_0_1,dutch,31
Batch4/Disc_Golf_WeekendExperience_3_0_3,so,11
misc_2/genie_gertz_2879,audio,49
Batch6/1st_part-Intonation_in_6_0_1,anchoring,47
Batch9/Coffee_Chat_4_0_2,do,3
Batch6/1st_part-Intonation_in_8_0_0,stress,17
youtube_5/carrie_lou_garberoglio_6316,own,9
Batch4/Disc_Golf_WeekendExperience_11_0_2,nicedic,45
Batch9/Math_Fantasy_Gender_3_0_11,f,4
deafvideo_2/jamerica_1698,be,17
Batch5/Deaf_advocacy_and_0_0_3,magasm,32
Batch4/Carb_Nets_Examples_3_0_3,dietary fiber,57
Batch6/ASL_for_Bacteria_3_0_4,wall cell,27
Batch6/Approaches_to_Assessment_4_0_3,summative,34
Batch4/Disc_Golf_WeekendExperience_10_0_1,hole,14
deafvideo_5/deafvideotv_7260,eils,15
aslized/raychelle_harris_7001,asl,29
Batch9/TEDxIslay-Wayne_Betts_Jr_7_0_1,language,33
Batch5/Cyberbullying_Community_4_0_2,hood,16
Batch9/TEDxIslay-Wayne_Betts_Jr_6_0_0,rit,47
Batch6/For_Pearlene_Utley_1_0_0,diet,15
aslized/unknown_female_1_0317,asl,16
Batch4/CAN_DEAF_DRIVE_THRU_2_0_0,it,9
Batch6/For_Pearlene_Utley_11_0_6,ok ok ok,28
deafvideo_3/kathyfans_3468,debit,16
deafvideo_5/deafvideotv_7282,go big bad wolf,109
Batch9/Math_Fantasy_Gender_7_0_1,its,12
Batch4/Carb_Nets_Examples_14_0_7,atkins,41
deafvideo_4/lukass_5235,tum,12
Batch4/Disc_Golf_WeekendExperience_6_0_2,or,15
Batch5/Cyberbullying_Community_3_0_3,or,9
deafvideo_2/tar2006_1464,all,19
deafvideo_5/deafvideotv_7264,eil,9
Batch5/David_Geeslin-Community_12_0_2,injustice,51
youtube_4/amy_cohen_elfron_5775,la,21
Batch4/Carb_Nets_Examples_4_0_0,carb nets,52
Batch6/Act_Now_to_Protect_Schools_6_0_3,alert at,37
Batch6/Act_Now_to_Protect_Schools_4_0_0,link,29
deafvideo_3/kazio63_3503,txpu,16
Batch5/Deaf_Awareness_Month-William_1_0_2,kc kans,37
Batch6/For_Pearlene_Utley_1_0_3,so,7
youtube_1/joel_garcia_2858,arl,41
Batch6/For_Pearlene_Utley_8_0_6,gluten,19
Batch6/AFA_Mission_LSL_Rally_3_0_1,medel,52
youtube_5/amy_cohen_elfron_5779,bard of turstees,92
Batch9/TEDxIslay-Wayne_Betts_Jr_17_0_1,editing,24
aslized/tim_riker_0333,or,19
aslized/tim_riker_0328,grade,47
Batch5/DC_Earthquake_6_0_5,so,12
Batch6/Approaches_to_Assessment_1_0_2,grade,17
Batch5/Cyberbullying_Community_4_0_6,mi,6
Batch4/Carb_Nets_Examples_14_0_1,spinesh,30
Batch4/Disc_Golf_WeekendExperience_10_0_0,then,23
Batch7/Sepsis_1_0_0,cell,19
deafvideo_5/dirtyoldman55_6383,nascar,53
youtube_5/carrie_lou_garberoglio_6317,lens,22
youtube_5/david_o._reynolds_5801,nancy hlibok amann,83
Batch5/Deaf_advocacy_and_5_0_2,magm,28
deafvideo_3/wnoakley_4625,dvtv,31
Batch9/Harry_Potter_Tag_3_0_13,ravenclaw,26
Batch5/David_Geeslin-Community_7_0_4,be,5
Batch9/Harry_Potter_Tag_3_0_5,ok,7
youtube_1/guthrie_nutter_3222,fish,24
Batch5/David_Geeslin-Community_9_0_6,it,4
Batch4/Carb_Nets_Examples_5_0_3,ok,11
Batch5/DC_Earthquake_5_0_6,nyc,22
youtube_1/guthrie_nutter_3221,us,15
Batch4/Carb_Nets_Examples_15_0_4,meals,18
deafvideo_3/wnoakley_4640,lte,50
deafvideo_2/jamerica_1702,it,11
youtube_5/keith_nolan_6002,tako,38
Batch4/Disc_Golf_WeekendExperience_9_0_1,hol,9
Batch9/Fingerspelling-ASL_Ponderings_0_0_5,asl,15
aslized/tim_riker_0339,asl,25
Batch6/For_Pearlene_Utley_7_0_8,lime,21
Batch9/Politics_Sci-fi_and_Action_3_0_0,wrinkle,26
Batch6/AFA_Mission_LSL_Rally_9_0_0,asl,25
Batch4/Can_Numbers_Be_Lexicalized_0_0_9,unit,24
Batch5/David_Geeslin-Community_13_0_1,asl,13
Batch6/Approaches_to_Assessment_5_0_9,polatin,17
Batch5/CRTC_2013-155_Jodi_5_0_1,vrs,29
Batch9/Fingerspelling-ASL_Ponderings_0_0_3,is,22
Batch6/1st_part-Intonation_in_2_0_2,emotion affect effective,118
Batch9/Fingerspelling-ASL_Ponderings_5_0_4,diy,8
deafvideo_3/wnoakley_4657,taylor w wedb website,131
Batch5/DC_Earthquake_2_0_0,time but,27
Batch5/DC_Earthquake_12_0_1,leg,7
Batch9/Star_Wars_Day-VEDIM_7_0_11,sw,18
Batch5/Deaf_advocacy_and_2_0_3,icu,25
youtube_1/joel_garcia_2861,or,12
Batch5/DC_Earthquake_8_0_4,web,17
Batch4/Can_Numbers_Be_Lexicalized_1_0_0,al,11
Batch6/1st_part-Intonation_in_3_0_0,discourse marker,89
Batch6/Approaches_to_Assessment_5_0_5,act,29
deafvideo_5/shebaby_7082,star,20
Batch6/Act_Now_to_Protect_Schools_6_0_10,fb,22
Batch9/TEDxIslay-Wayne_Betts_Jr_6_0_2,language,42
Batch4/Disc_Golf_WeekendExperience_2_0_0,ape,15
Batch4/Carb_Nets_Examples_17_0_0,celery,45
deafvideo_1/daniel_lundberg_0979,biochemistry,56
Batch6/1st_part-Intonation_in_1_0_1,asl,13
Batch9/Harry_Potter_Tag_3_0_2,quiz,17
deafvideo_3/kathyfans_3458,prib choper,60
deafvideo_4/deafvideotv_5012,da,11
Batch9/TEDxIslay-Wayne_Betts_Jr_2_0_0,btd,21
Batch4/Carb_Nets_Examples_18_0_2,carb,15
aslized/tim_riker_0335,asl,39
Batch4/Can_Numbers_Be_Lexicalized_3_0_5,lex,14
youtube_5/david_o._reynolds_5818,asl,14
Batch5/Deaf_advocacy_and_4_0_6,nic,45
deafvideo_4/floridaaahh_5692,beach,17
Batch6/ASL_for_Bacteria_1_0_10,step,14
Batch6/AFA_Mission_LSL_Rally_4_0_6,h e i,34
deafvideo_3/kathyfans_3466,box,11
aslized/unknown_female_1_0308,jasll,28
Batch9/TEDxIslay-Wayne_Betts_Jr_7_0_8,cu,13
deafvideo_2/tar2006_1458,rally,30
Batch5/Deaf_Awareness_Month-William_5_0_1,kans,21
deafvideo_3/wnoakley_4638,dog dgoole,42
Batch5/CRTC_2013-155_Jodi_0_0_7,even,18
Batch6/Act_Now_to_Protect_Schools_6_0_7,tweets,32
deafvideo_3/wnoakley_4654,tablet,57
youtube_5/alicia_lane-outlaw_5827,hq,24
Batch4/Carb_Nets_Examples_10_0_1,fat,12
Batch7/An_Interview_with_Mike_Hoza_1_0_0,nest,25
Batch9/Coffee_Chat_0_0_0,is,7
youtube_5/alicia_lane-outlaw_5824,alicia,36
Batch9/Fingerspelling-ASL_Ponderings_4_0_0,the,18
deafvideo_5/deafvideotv_7265,so,10
Batch5/Cyberbullying_Community_3_0_7,victims,22
youtube_2/nick_martin_3410,the gazette,54
youtube_1/jason_hurdich_3157,sea,20
deafvideo_3/kazio63_3509,fb,13
Batch7/Sepsis_2_0_3,so,26
Batch9/Fingerspelling-ASL_Ponderings_4_0_3,gender,34
Batch6/AFA_Rally_2011_0_0_1,audism,80
Batch4/Carb_Nets_Examples_23_0_9,carb,20
deafvideo_4/floridaaahh_5688,body,20
Batch9/TEDxIslay-Wayne_Betts_Jr_7_0_6,ws,18
Batch5/David_Geeslin-Community_6_0_0,lack of,23
youtube_1/michael_hubbs_3139,ok,11
Batch4/Disc_Golf_WeekendExperience_5_0_2,fly board,98
Batch4/Can_Numbers_Be_Lexicalized_1_0_6,plastic,55
Batch4/Carb_Nets_Examples_13_0_5,lettuce,26
Batch6/Act_Now_to_Protect_Schools_2_0_2,models,24
Batch6/ASL_Morning_Message_4_0_1,oct,22
Batch4/Carb_Nets_Examples_22_0_6,fat,21
Batch6/ASL_Films_Fest_0_0_4,asl film fest,41
Batch4/Disc_Golf_WeekendExperience_2_0_5,ga canopy tour,65
youtube_5/carrie_lou_garberoglio_6315,data set,24
Batch6/2nd_part-Simultaneous_communication_impacts_2_0_3,asl,25
Batch6/AFA_Rally_2011_2_0_3,ag bell,30
Batch5/DC_Earthquake_5_0_7,panic,23
youtube_5/keith_nolan_6021,us,17
Batch9/Politics_Sci-fi_and_Action_2_0_1,do,7
Batch5/Cyberbullying_Community_4_0_1,victims,26
Batch5/DC_Earthquake_6_0_1,land,17
misc_2/genie_gertz_2936,humanity,48
Batch9/Coffee_Chat_1_0_3,asl,12
Batch5/CRTC_2013-155_Jodi_1_0_3,as,23
Batch6/Approaches_to_Assessment_4_0_0,hfm,5
Batch6/Approaches_to_Assessment_4_0_1,million,15
Batch6/AFA_Rally_2011_1_0_7,afa,23
deafvideo_1/daniel_lundberg_0966,organisms,52
Batch5/Cyberbullying_Community_0_0_3,fiasco,35
